region,pnl_report,net_exposure_report,return_report,currency
HK,-79995219.8930839,8487679509.494235,-0.009424863392120548,HKD
JP,-22179485.185743026,2358245559.9726305,-0.00940507874252096,JPY
US,0.0,15103341679.213598,0.0,USD
